Workbook

Sheet map_appelations
A1: denom
A2: Côtes du Rhône
A3: Bordeaux | B3: Bordeaux supérieur | C3: Crémant de Bordeaux | D3: Saint-Emilion | E3: Saint-Emilion grand cru
A4: Bordeaux | B4: Bordeaux supérieur | C4: Crémant de Bordeaux | D4: Montagne-Saint-Emilion
A5: Bergerac | B5: Côtes de Bergerac | C5: Monbazillac
A6: Bordeaux | B6: Bordeaux supérieur | C6: Crémant de Bordeaux
A7: Bordeaux | B7: Bordeaux supérieur | C7: Crémant de Bordeaux | D7: Lussac-Saint-Emilion
A8: Bordeaux | B8: Bordeaux supérieur | C8: Crémant de Bordeaux | D8: Haut-Médoc | E8: Médoc | F8: Saint-Estèphe
A9: Bergerac | B9: Côtes de Bergerac | C9: Monbazillac
A10: Buzet
A11: Bergerac | B11: Côtes de Bergerac
A12: Côtes du Rhône
A13: Bordeaux | B13: Bordeaux supérieur | C13: Crémant de Bordeaux | D13: Entre-deux-Mers
A14: Bordeaux | B14: Bordeaux supérieur | C14: Crémant de Bordeaux | D14: Médoc
A15: Bordeaux | B15: Bordeaux supérieur | C15: Crémant de Bordeaux | D15: Entre-deux-Mers
A16: Côtes du Rhône
A17: Côtes du Roussillon | B17: Côtes du Roussillon Villages | C17: Languedoc
A18: Bordeaux | B18: Bordeaux supérieur | C18: Crémant de Bordeaux | D18: Entre-deux-Mers
A19: Grand Roussillon | B19: Muscat de Rivesaltes | C19: Rivesaltes
A20: Buzet
A21: Bordeaux | B21: Bordeaux supérieur | C21: Crémant de Bordeaux | D21: Haut-Médoc | E21: Médoc | F21: Saint-Julien
A22: Bordeaux | B22: Bordeaux supérieur | C22: Crémant de Bordeaux | D22: Saint-Emilion | E22: Saint-Emilion grand cru
A23: Bordeaux | B23: Bordeaux supérieur | C23: Crémant de Bordeaux | D23: Haut-Médoc | E23: Médoc
A24: Bordeaux | B24: Bordeaux Haut-Benauge | C24: Bordeaux supérieur | D24: Crémant de Bordeaux | E24: Entre-deux-Mers | F24: Entre-deux-Mers Haut-Benauge
A25: Bordeaux | B25: Bordeaux supérieur | C25: Crémant de Bordeaux | D25: Entre-deux-Mers
A26: Bordeaux | B26: Bordeaux supérieur | C26: Crémant de Bordeaux
A27: Bordeaux | B27: Bordeaux supérieur | C27: Crémant de Bordeaux | D27: Entre-deux-Mers
A28: Bordeaux | B28: Bordeaux supérieur | C28: Crémant de Bordeaux | D28: Graves | E28: Graves supérieures
A29: Bordeaux | B29: Bordeaux supérieur | C29: Crémant de Bordeaux | D29: Haut-Médoc | E29: Médoc
A30: Bordeaux | B30: Bordeaux Haut-Benauge | C30: Bordeaux supérieur | D30: Crémant de Bordeaux | E30: Entre-deux-Mers | F30: Entre-deux-Mers Haut-Benauge
A31: Bordeaux | B31: Bordeaux supérieur | C31: Crémant de Bordeaux
A32: Buzet
A33: Bordeaux | B33: Bordeaux supérieur | C33: Crémant de Bordeaux | D33: Entre-deux-Mers
A34: Bordeaux | B34: Bordeaux supérieur | C34: Crémant de Bordeaux | D34: Côtes de Bourg | E34: Bourg et Bourgeais
A35: Bordeaux | B35: Bordeaux supérieur | C35: Crémant de Bordeaux | D35: Haut-Médoc | E35: Médoc
A36: Bordeaux | B36: Bordeaux supérieur | C36: Crémant de Bordeaux
A37: Bergerac | B37: Côtes de Bergerac
A38: Buzet
A39: Bordeaux | B39: Bordeaux supérieur | C39: Crémant de Bordeaux
A40: Bordeaux | B40: Bordeaux Haut-Benauge | C40: Bordeaux supérieur | D40: Crémant de Bordeaux | E40: Entre-deux-Mers | F40: Entre-deux-Mers Haut-Benauge
A41: Coteaux d'Aix-en-Provence
A42: Bordeaux | B42: Bordeaux supérieur | C42: Crémant de Bordeaux | D42: Haut-Médoc | E42: Médoc | F42: Pauillac
A43: Côtes du Rhône
A44: Bordeaux | B44: Bordeaux supérieur | C44: Crémant de Bordeaux | D44: Côtes de Bordeaux | E44: Côtes de Bordeaux Castillon
A45: Bordeaux | B45: Bordeaux supérieur | C45: Crémant de Bordeaux
A46: Bordeaux | B46: Bordeaux supérieur | C46: Crémant de Bordeaux | D46: Entre-deux-Mers
A47: Bordeaux | B47: Bordeaux supérieur | C47: Crémant de Bordeaux | D47: Côtes de Bordeaux | E47: Côtes de Bordeaux Castillon
A48: Bordeaux | B48: Bordeaux supérieur | C48: Crémant de Bordeaux
A49: Bordeaux | B49: Bordeaux supérieur | C49: Crémant de Bordeaux
A50: Côtes du Rhône
A51: Côtes de Duras
A52: Bordeaux | B52: Bordeaux supérieur | C52: Crémant de Bordeaux
A53: Bordeaux | B53: Bordeaux supérieur | C53: Crémant de Bordeaux
A54: Bordeaux | B54: Bordeaux supérieur | C54: Crémant de Bordeaux | D54: Saint-Emilion | E54: Saint-Emilion grand cru
A55: Bordeaux | B55: Bordeaux supérieur | C55: Crémant de Bordeaux | D55: Côtes de Bourg | E55: Bourg et Bourgeais
A56: Bordeaux | B56: Bordeaux Haut-Benauge | C56: Bordeaux supérieur | D56: Crémant de Bordeaux | E56: Entre-deux-Mers | F56: Entre-deux-Mers Haut-Benauge
A57: Bordeaux | B57: Bordeaux supérieur | C57: Crémant de Bordeaux | D57: Entre-deux-Mers
A58: Bordeaux | B58: Bordeaux supérieur | C58: Crémant de Bordeaux | D58: Haut-Médoc | E58: Médoc
A59: Bordeaux | B59: Bordeaux supérieur | C59: Crémant de Bordeaux
A60: Bordeaux | B60: Bordeaux supérieur | C60: Crémant de Bordeaux | D60: Médoc
A61: Barsac | B61: Bordeaux | C61: Bordeaux supérieur | D61: Crémant de Bordeaux | E61: Sauternes
A62: Bordeaux | B62: Bordeaux supérieur | C62: Crémant de Bordeaux | D62: Saint-Emilion | E62: Saint-Emilion grand cru
A63: Bordeaux | B63: Bordeaux supérieur | C63: Crémant de Bordeaux
A64: Bordeaux | B64: Bordeaux supérieur | C64: Crémant de Bordeaux | D64: Haut-Médoc | E64: Médoc | F64: Pauillac
A65: Bordeaux | B65: Bordeaux supérieur | C65: Crémant de Bordeaux | D65: Médoc
A66: Côtes du Rhône
A67: Bordeaux | B67: Bordeaux supérieur | C67: Crémant de Bordeaux | D67: Entre-deux-Mers
A68: Bordeaux | B68: Bordeaux supérieur | C68: Crémant de Bordeaux | D68: Médoc
A69: Bordeaux | B69: Bordeaux supérieur | C69: Crémant de Bordeaux | D69: Entre-deux-Mers
A70: Bordeaux | B70: Bordeaux supérieur | C70: Crémant de Bordeaux | D70: Médoc
A71: Ajaccio | B71: Vin de Corse ou Corse
A72: Bordeaux | B72: Bordeaux supérieur | C72: Cadillac | D72: Crémant de Bordeaux | E72: Côtes de Bordeaux | F72: Côtes de Bordeaux Cadillac | G72: Premières Côtes de Bordeaux
A73: Côtes du Marmandais
A74: Bordeaux | B74: Bordeaux supérieur | C74: Crémant de Bordeaux | D74: Lalande-de-Pomerol
A75: Bordeaux | B75: Bordeaux supérieur | C75: Crémant de Bordeaux | D75: Entre-deux-Mers
A76: Bordeaux | B76: Bordeaux supérieur | C76: Crémant de Bordeaux | D76: Entre-deux-Mers
A77: Bordeaux | B77: Bordeaux supérieur | C77: Crémant de Bordeaux | D77: Côtes de Bordeaux | E77: Côtes de Bordeaux Cadillac | F77: Premières Côtes de Bordeaux | G77: Sainte-Croix-du-Mont
A78: Bordeaux | B78: Bordeaux supérieur | C78: Crémant de Bordeaux | D78: Côtes de Bourg | E78: Bourg et Bourgeais
A79: Bordeaux | B79: Bordeaux supérieur | C79: Crémant de Bordeaux
A80: Bordeaux | B80: Bordeaux supérieur | C80: Crémant de Bordeaux | D80: Entre-deux-Mers
A81: Bordeaux | B81: Bordeaux supérieur | C81: Crémant de Bordeaux | D81: Médoc
A82: Côtes du Rhône | B82: Côtes du Rhône Villages | C82: Côtes du Rhône Villages Saint-Maurice
A83: Bordeaux | B83: Bordeaux supérieur | C83: Crémant de Bordeaux | D83: Entre-deux-Mers
A84: Bordeaux | B84: Bordeaux supérieur | C84: Crémant de Bordeaux | D84: Cérons | E84: Graves | F84: Graves supérieures
A85: Bergerac | B85: Côtes de Bergerac
A86: Bordeaux | B86: Bordeaux supérieur | C86: Crémant de Bordeaux | D86: Graves | E86: Graves supérieures
A87: Bandol
A88: Ajaccio | B88: Vin de Corse ou Corse
A89: Bordeaux | B89: Bordeaux supérieur | C89: Crémant de Bordeaux | D89: Cérons | E89: Graves | F89: Graves supérieures
A90: Bordeaux | B90: Bordeaux supérieur | C90: Crémant de Bordeaux | D90: Entre-deux-Mers
A91: Bergerac | B91: Côtes de Bergerac
A92: Bordeaux | B92: Bordeaux supérieur | C92: Crémant de Bordeaux | D92: Entre-deux-Mers
A93: Bergerac | B93: Côtes de Bergerac
A94: Côtes du Marmandais
A95: Bordeaux | B95: Bordeaux supérieur | C95: Crémant de Bordeaux | D95: Entre-deux-Mers
A96: Côtes du Marmandais
A97: Bergerac | B97: Côtes de Bergerac
A98: Bordeaux | B98: Bordeaux supérieur | C98: Crémant de Bordeaux
A99: Bordeaux | B99: Bordeaux supérieur | C99: Crémant de Bordeaux | D99: Graves | E99: Graves supérieures
A100: Ventoux
...

Sheet Feuil1
A1: {=_xlfn.UNIQUE(map_appelations!$A$2:$A$5001)} -> Côtes du Rhône
A2: Bordeaux
A3: Bergerac
A4: Buzet
A5: Côtes du Roussillon
A6: Grand Roussillon
A7: Coteaux d'Aix-en-Provence
A8: Côtes de Duras
A9: Barsac
A10: Ajaccio
A11: Côtes du Marmandais
A12: Bandol
A13: Ventoux
... A90: Estaing
A91: {=_xlfn.UNIQUE(map_appelations!$B$2:$B$5001)} -> 0
A92: Bordeaux supérieur
A93: Côtes de Bergerac
A94: Côtes du Roussillon Villages
A95: Muscat de Rivesaltes
A96: Bordeaux Haut-Benauge
A97: Bordeaux
A98: Vin de Corse ou Corse
A99: Côtes du Rhône Villages
A100: Languedoc
A101: Alsace suivi d'un nom de lieu-dit
A102: Patrimonio
A103: Grand Roussillon
... A184: Tavel
A185: {=_xlfn.UNIQUE(map_appelations!$C$2:$C$5001)} -> 0
A186: Crémant de Bordeaux
A187: Monbazillac
A188: Languedoc
A189: Rivesaltes
A190: Bordeaux supérieur
A191: Cadillac
A192: Côtes du Rhône Villages Saint-Maurice
A193: Côtes du Roussillon Villages Caramany
A194: Rosette
A195: Crémant d’Alsace
A196: Saussignac
A197: Crémant de Die
... A254: Chablis premier cru Vaucoupin
A255: {=_xlfn.UNIQUE(map_appelations!$D$2:$D$5001)} -> 0
A256: Saint-Emilion
A257: Montagne-Saint-Emilion
A258: Lussac-Saint-Emilion
A259: Haut-Médoc
A260: Entre-deux-Mers
A261: Médoc
A262: Crémant de Bordeaux
A263: Graves
A264: Côtes de Bourg
A265: Côtes de Bordeaux
A266: Lalande-de-Pomerol
A267: Cérons
... A301: Bourgogne Tonnerre
A302: {=_xlfn.UNIQUE(map_appelations!$E$2:$E$5001)} -> 0
A303: Saint-Emilion grand cru
A304: Médoc
A305: Entre-deux-Mers
A306: Graves supérieures
A307: Bourg et Bourgeais
A308: Côtes de Bordeaux Castillon
A309: Sauternes
A310: Côtes de Bordeaux
A311: Côtes de Bordeaux Cadillac
A312: Graves
A313: Côtes de Blaye
A314: Listrac-Médoc
... A338: Petit Chablis
A339: {=_xlfn.UNIQUE(map_appelations!$F$2:$F$5001)} -> 0
A340: Saint-Estèphe
A341: Saint-Julien
A342: Entre-deux-Mers Haut-Benauge
A343: Pauillac
A344: Côtes de Bordeaux Cadillac
A345: Premières Côtes de Bordeaux
A346: Graves supérieures
A347: Côtes de Bordeaux
A348: Loupiac
A349: Médoc
A350: Pessac-Léognan
A351: Rivesaltes
... A361: Coteaux du Layon premier cru Chaume
A362: {=_xlfn.UNIQUE(map_appelations!$G$2:$G$5001)} -> 0
A363: Premières Côtes de Bordeaux
A364: Sainte-Croix-du-Mont
A365: Côtes de Bordeaux Blaye
A366: Rivesaltes
A367: Mâcon
A368: Crémant de Bourgogne
A369: Rosé d'Anjou
A370: Mâcon Serrières
A371: Mâcon Mancey
A372: Mâcon Saint-Gengoux-le-National
A373: Saumur
A374: Coteaux Bourguignons ou Bourgogne grand ordinaire ou Bourgogne ordinaire
A375: Crémant de Loire
A376: {=_xlfn.UNIQUE(map_appelations!$H$2:$H$5001)} -> 0
A377: Mâcon Verzé
...

Sheet Feuil2
A1: {=_xlfn.UNIQUE(Feuil1!A:A)} -> Côtes du Rhône
A2: Bordeaux
A3: Bergerac
A4: Buzet
A5: Côtes du Roussillon
A6: Grand Roussillon
A7: Coteaux d'Aix-en-Provence
A8: Côtes de Duras
A9: Barsac
A10: Ajaccio
A11: Côtes du Marmandais
A12: Bandol
A13: Ventoux
... A90: Estaing
A91: 0
A92: Bordeaux supérieur
A93: Côtes de Bergerac
A94: Côtes du Roussillon Villages
A95: Muscat de Rivesaltes
A96: Bordeaux Haut-Benauge
A97: Alsace suivi d'un nom de lieu-dit
A98: Vin de Corse ou Corse Figari
A99: Coteaux de Die
A100: Les Baux de Provence
A101: Clairette du Languedoc Cabrières
A102: Limoux
A103: Minervois
... A296: Vougeot premier cru
A297: 0

Sheet Appelations
A1: map_Appelations | B1: cave_Appelations | C1: Automatisation #1 | D1: Manuel | G1: A ajouter base cave
A2: 0 | B2: =IF(C2="",D2,C2) -> 0 | C2: =IF(COUNTIF(cave_Appelations!$A:$A,$A2)>0,$A2,"") | G2: Cairanne
A3: 0 | B3: =IF(C3="",D3,C3) -> 0 | C3: =IF(COUNTIF(cave_Appelations!$A:$A,$A3)>0,$A3,"") | G3: Hautes Cotes de Beaune
A4: Bourg et Bourgeais | B4: =IF(C4="",D4,C4) -> Côtes de Bourg, Bourg et Bourgeais | D4: Côtes de Bourg, Bourg et Bourgeais | G4: La Clape
A5: Ajaccio | B5: =IF(C5="",D5,C5) -> Ajaccio | C5: =IF(COUNTIF(cave_Appelations!$A:$A,$A5)>0,$A5,"") -> Ajaccio | G5: Bordeaux Haut-Benauge
A6: Alsace | B6: =IF(C6="",D6,C6) -> Alsace | C6: =IF(COUNTIF(cave_Appelations!$A:$A,$A6)>0,$A6,"") -> Alsace | G6: Pic Saint-Loup
A7: Alsace grand cru Mambourg | B7: =IF(C7="",D7,C7) -> Alsace grand cru | C7: =IF(COUNTIF(cave_Appelations!$A:$A,$A7)>0,$A7,"") | D7: Alsace grand cru
A8: Alsace grand cru Schlossberg | B8: =IF(C8="",D8,C8) -> Alsace grand cru | C8: =IF(COUNTIF(cave_Appelations!$A:$A,$A8)>0,$A8,"") | D8: Alsace grand cru
A9: Alsace suivi d'un nom de lieu-dit | B9: =IF(C9="",D9,C9) -> Alsace | C9: =IF(COUNTIF(cave_Appelations!$A:$A,$A9)>0,$A9,"") | D9: Alsace
A10: Anjou | B10: =IF(C10="",D10,C10) -> Anjou | C10: =IF(COUNTIF(cave_Appelations!$A:$A,$A10)>0,$A10,"") -> Anjou
A11: Anjou Villages | B11: =IF(C11="",D11,C11) -> Anjou Villages | C11: =IF(COUNTIF(cave_Appelations!$A:$A,$A11)>0,$A11,"") -> Anjou Villages
A12: Arbois | B12: =IF(C12="",D12,C12) -> Arbois | C12: =IF(COUNTIF(cave_Appelations!$A:$A,$A12)>0,$A12,"") -> Arbois
A13: Arbois Pupillin | B13: =IF(C13="",D13,C13) -> Arbois | C13: =IF(COUNTIF(cave_Appelations!$A:$A,$A13)>0,$A13,"") | D13: Arbois
A14: Bandol | B14: =IF(C14="",D14,C14) -> Bandol | C14: =IF(COUNTIF(cave_Appelations!$A:$A,$A14)>0,$A14,"") -> Bandol
A15: Banyuls | B15: =IF(C15="",D15,C15) -> Banyuls | C15: =IF(COUNTIF(cave_Appelations!$A:$A,$A15)>0,$A15,"") -> Banyuls
A16: Banyuls grand cru | B16: =IF(C16="",D16,C16) -> Banyuls grand cru | C16: =IF(COUNTIF(cave_Appelations!$A:$A,$A16)>0,$A16,"") -> Banyuls grand cru
A17: Barsac | B17: =IF(C17="",D17,C17) -> Barsac | C17: =IF(COUNTIF(cave_Appelations!$A:$A,$A17)>0,$A17,"") -> Barsac
A18: Béarn | B18: =IF(C18="",D18,C18) -> Béarn | C18: =IF(COUNTIF(cave_Appelations!$A:$A,$A18)>0,$A18,"") -> Béarn
A19: Beaujolais | B19: =IF(C19="",D19,C19) -> Beaujolais | C19: =IF(COUNTIF(cave_Appelations!$A:$A,$A19)>0,$A19,"") -> Beaujolais
A20: Beaujolais Beaujeu | B20: =IF(C20="",D20,C20) -> Beaujolais-Villages | C20: =IF(COUNTIF(cave_Appelations!$A:$A,$A20)>0,$A20,"") | D20: Beaujolais-Villages
A21: Beaujolais La Chapelle-de-Guinchay | B21: =IF(C21="",D21,C21) -> Beaujolais-Villages | C21: =IF(COUNTIF(cave_Appelations!$A:$A,$A21)>0,$A21,"") | D21: Beaujolais-Villages
A22: Beaujolais Lantignié | B22: =IF(C22="",D22,C22) -> Beaujolais-Villages | C22: =IF(COUNTIF(cave_Appelations!$A:$A,$A22)>0,$A22,"") | D22: Beaujolais-Villages
A23: Beaujolais Le Perréon | B23: =IF(C23="",D23,C23) -> Beaujolais-Villages | C23: =IF(COUNTIF(cave_Appelations!$A:$A,$A23)>0,$A23,"") | D23: Beaujolais-Villages
A24: Beaujolais Odenas | B24: =IF(C24="",D24,C24) -> Beaujolais-Villages | C24: =IF(COUNTIF(cave_Appelations!$A:$A,$A24)>0,$A24,"") | D24: Beaujolais-Villages
A25: Beaujolais Quincié-en-Beaujolais | B25: =IF(C25="",D25,C25) -> Beaujolais-Villages | C25: =IF(COUNTIF(cave_Appelations!$A:$A,$A25)>0,$A25,"") | D25: Beaujolais-Villages
A26: Beaujolais Saint-Etienne-des-Oullières | B26: =IF(C26="",D26,C26) -> Beaujolais-Villages | C26: =IF(COUNTIF(cave_Appelations!$A:$A,$A26)>0,$A26,"") | D26: Beaujolais-Villages
A27: Beaujolais Saint-Lager | B27: =IF(C27="",D27,C27) -> Beaujolais-Villages | C27: =IF(COUNTIF(cave_Appelations!$A:$A,$A27)>0,$A27,"") | D27: Beaujolais-Villages
A28: Beaujolais Vaux-en-Beaujolais | B28: =IF(C28="",D28,C28) -> Beaujolais-Villages | C28: =IF(COUNTIF(cave_Appelations!$A:$A,$A28)>0,$A28,"") | D28: Beaujolais-Villages
A29: Beaujolais Villages | B29: =IF(C29="",D29,C29) -> Beaujolais-Villages | C29: =IF(COUNTIF(cave_Appelations!$A:$A,$A29)>0,$A29,"") | D29: Beaujolais-Villages
A30: Beaumes de Venise | B30: =IF(C30="",D30,C30) -> Beaumes de Venise | C30: =IF(COUNTIF(cave_Appelations!$A:$A,$A30)>0,$A30,"") -> Beaumes de Venise
A31: Bergerac | B31: =IF(C31="",D31,C31) -> Bergerac | C31: =IF(COUNTIF(cave_Appelations!$A:$A,$A31)>0,$A31,"") -> Bergerac
A32: Blaye | B32: =IF(C32="",D32,C32) -> Blaye | C32: =IF(COUNTIF(cave_Appelations!$A:$A,$A32)>0,$A32,"") -> Blaye
A33: Bordeaux | B33: =IF(C33="",D33,C33) -> Bordeaux | C33: =IF(COUNTIF(cave_Appelations!$A:$A,$A33)>0,$A33,"") -> Bordeaux
A34: Bordeaux Haut-Benauge | B34: =IF(C34="",D34,C34) -> Bordeaux | C34: =IF(COUNTIF(cave_Appelations!$A:$A,$A34)>0,$A34,"") | D34: Bordeaux
A35: Bordeaux supérieur | B35: =IF(C35="",D35,C35) -> Bordeaux supérieur | C35: =IF(COUNTIF(cave_Appelations!$A:$A,$A35)>0,$A35,"") -> Bordeaux supérieur
A36: Bourgogne | B36: =IF(C36="",D36,C36) -> Bourgogne | C36: =IF(COUNTIF(cave_Appelations!$A:$A,$A36)>0,$A36,"") -> Bourgogne
A37: Bourgogne aligoté | B37: =IF(C37="",D37,C37) -> Bourgogne aligoté | C37: =IF(COUNTIF(cave_Appelations!$A:$A,$A37)>0,$A37,"") -> Bourgogne aligoté
A38: Bourgogne Chitry | B38: =IF(C38="",D38,C38) -> Bourgogne | C38: =IF(COUNTIF(cave_Appelations!$A:$A,$A38)>0,$A38,"") | D38: Bourgogne
A39: Bourgogne Côte Chalonnaise | B39: =IF(C39="",D39,C39) -> Bourgogne | C39: =IF(COUNTIF(cave_Appelations!$A:$A,$A39)>0,$A39,"") | D39: Bourgogne
A40: Bourgogne Côte d'Or | B40: =IF(C40="",D40,C40) -> Bourgogne | C40: =IF(COUNTIF(cave_Appelations!$A:$A,$A40)>0,$A40,"") | D40: Bourgogne
A41: Bourgogne Côtes d'Auxerre | B41: =IF(C41="",D41,C41) -> Bourgogne | C41: =IF(COUNTIF(cave_Appelations!$A:$A,$A41)>0,$A41,"") | D41: Bourgogne
A42: Bourgogne Côtes du Couchois | B42: =IF(C42="",D42,C42) -> Bourgogne | C42: =IF(COUNTIF(cave_Appelations!$A:$A,$A42)>0,$A42,"") | D42: Bourgogne
A43: Bourgogne Epineuil | B43: =IF(C43="",D43,C43) -> Bourgogne Epineuil | C43: =IF(COUNTIF(cave_Appelations!$A:$A,$A43)>0,$A43,"") -> Bourgogne Epineuil
A44: Bourgogne Hautes Côtes de Beaune | B44: =IF(C44="",D44,C44) -> 0 | C44: =IF(COUNTIF(cave_Appelations!$A:$A,$A44)>0,$A44,"")
A45: Bourgogne Hautes Côtes de Nuits | B45: =IF(C45="",D45,C45) -> Hautes Côtes de Nuits | C45: =IF(COUNTIF(cave_Appelations!$A:$A,$A45)>0,$A45,"") | D45: Hautes Côtes de Nuits
A46: Bourgogne mousseux | B46: =IF(C46="",D46,C46) -> Bourgogne mousseux | C46: =IF(COUNTIF(cave_Appelations!$A:$A,$A46)>0,$A46,"") -> Bourgogne mousseux
A47: Bourgogne Passe-tout-grains | B47: =IF(C47="",D47,C47) -> Bourgogne Passe-tout-grains | C47: =IF(COUNTIF(cave_Appelations!$A:$A,$A47)>0,$A47,"") -> Bourgogne Passe-tout-grains
A48: Bourgogne Tonnerre | B48: =IF(C48="",D48,C48) -> Bourgogne | C48: =IF(COUNTIF(cave_Appelations!$A:$A,$A48)>0,$A48,"") | D48: Bourgogne
A49: Bourgueil | B49: =IF(C49="",D49,C49) -> Bourgueil | C49: =IF(COUNTIF(cave_Appelations!$A:$A,$A49)>0,$A49,"") -> Bourgueil
A50: Brouilly | B50: =IF(C50="",D50,C50) -> Brouilly | C50: =IF(COUNTIF(cave_Appelations!$A:$A,$A50)>0,$A50,"") -> Brouilly
A51: Brulhois | B51: =IF(C51="",D51,C51) -> Brulhois | C51: =IF(COUNTIF(cave_Appelations!$A:$A,$A51)>0,$A51,"") -> Brulhois
A52: Bugey | B52: =IF(C52="",D52,C52) -> Bugey | C52: =IF(COUNTIF(cave_Appelations!$A:$A,$A52)>0,$A52,"") -> Bugey
A53: Bugey Cerdon | B53: =IF(C53="",D53,C53) -> Bugey | C53: =IF(COUNTIF(cave_Appelations!$A:$A,$A53)>0,$A53,"") | D53: Bugey
A54: Buzet | B54: =IF(C54="",D54,C54) -> Buzet | C54: =IF(COUNTIF(cave_Appelations!$A:$A,$A54)>0,$A54,"") -> Buzet
A55: Cabardès | B55: =IF(C55="",D55,C55) -> Cabardès | C55: =IF(COUNTIF(cave_Appelations!$A:$A,$A55)>0,$A55,"") -> Cabardès
A56: Cabernet d'Anjou | B56: =IF(C56="",D56,C56) -> Cabernet d'Anjou | C56: =IF(COUNTIF(cave_Appelations!$A:$A,$A56)>0,$A56,"") -> Cabernet d'Anjou
A57: Cadillac | B57: =IF(C57="",D57,C57) -> Cadillac | C57: =IF(COUNTIF(cave_Appelations!$A:$A,$A57)>0,$A57,"") -> Cadillac
A58: Cahors | B58: =IF(C58="",D58,C58) -> Cahors | C58: =IF(COUNTIF(cave_Appelations!$A:$A,$A58)>0,$A58,"") -> Cahors
A59: Cairanne | C59: =IF(COUNTIF(cave_Appelations!$A:$A,$A59)>0,$A59,"") | D59: Rasteau
A60: Canon Fronsac | B60: =IF(C60="",D60,C60) -> Canon Fronsac | C60: =IF(COUNTIF(cave_Appelations!$A:$A,$A60)>0,$A60,"") -> Canon Fronsac
A61: Cérons | B61: =IF(C61="",D61,C61) -> Cérons | C61: =IF(COUNTIF(cave_Appelations!$A:$A,$A61)>0,$A61,"") -> Cérons
A62: Chablis | B62: =IF(C62="",D62,C62) -> Chablis | C62: =IF(COUNTIF(cave_Appelations!$A:$A,$A62)>0,$A62,"") -> Chablis
A63: Chablis premier cru | B63: =IF(C63="",D63,C63) -> Chablis 1er Cru | C63: =IF(COUNTIF(cave_Appelations!$A:$A,$A63)>0,$A63,"") | D63: Chablis 1er Cru
A64: Chablis premier cru Vaucoupin | B64: =IF(C64="",D64,C64) -> Chablis 1er Cru | C64: =IF(COUNTIF(cave_Appelations!$A:$A,$A64)>0,$A64,"") | D64: Chablis 1er Cru
A65: Châteauneuf-du-Pape | B65: =IF(C65="",D65,C65) -> Châteauneuf-du-Pape | C65: =IF(COUNTIF(cave_Appelations!$A:$A,$A65)>0,$A65,"") -> Châteauneuf-du-Pape
A66: Châtillon-en-Diois | B66: =IF(C66="",D66,C66) -> Châtillon-en-Diois | C66: =IF(COUNTIF(cave_Appelations!$A:$A,$A66)>0,$A66,"") -> Châtillon-en-Diois
A67: Cheverny | B67: =IF(C67="",D67,C67) -> Cheverny | C67: =IF(COUNTIF(cave_Appelations!$A:$A,$A67)>0,$A67,"") -> Cheverny
A68: Chinon | B68: =IF(C68="",D68,C68) -> Chinon | C68: =IF(COUNTIF(cave_Appelations!$A:$A,$A68)>0,$A68,"") -> Chinon
A69: Clairette de Bellegarde | B69: =IF(C69="",D69,C69) -> Clairette de Bellegarde | C69: =IF(COUNTIF(cave_Appelations!$A:$A,$A69)>0,$A69,"") -> Clairette de Bellegarde
A70: Clairette de Die | B70: =IF(C70="",D70,C70) -> Clairette de Die | C70: =IF(COUNTIF(cave_Appelations!$A:$A,$A70)>0,$A70,"") -> Clairette de Die
A71: Clairette du Languedoc | B71: =IF(C71="",D71,C71) -> Clairette du Languedoc | C71: =IF(COUNTIF(cave_Appelations!$A:$A,$A71)>0,$A71,"") -> Clairette du Languedoc
A72: Clairette du Languedoc Aspiran | B72: =IF(C72="",D72,C72) -> Clairette du Languedoc | C72: =IF(COUNTIF(cave_Appelations!$A:$A,$A72)>0,$A72,"") | D72: Clairette du Languedoc
A73: Clairette du Languedoc Cabrières | B73: =IF(C73="",D73,C73) -> Clairette du Languedoc | C73: =IF(COUNTIF(cave_Appelations!$A:$A,$A73)>0,$A73,"") | D73: Clairette du Languedoc
A74: Clairette du Languedoc Le Bosc | B74: =IF(C74="",D74,C74) -> Clairette du Languedoc | C74: =IF(COUNTIF(cave_Appelations!$A:$A,$A74)>0,$A74,"") | D74: Clairette du Languedoc
A75: Clairette du Languedoc Lieuran-Cabrières | B75: =IF(C75="",D75,C75) -> Clairette du Languedoc | C75: =IF(COUNTIF(cave_Appelations!$A:$A,$A75)>0,$A75,"") | D75: Clairette du Languedoc
A76: Clairette du Languedoc Péret | B76: =IF(C76="",D76,C76) -> Clairette du Languedoc | C76: =IF(COUNTIF(cave_Appelations!$A:$A,$A76)>0,$A76,"") | D76: Clairette du Languedoc
A77: Clos de Vougeot ou Clos Vougeot | B77: =IF(C77="",D77,C77) -> Clos de Vougeot | C77: =IF(COUNTIF(cave_Appelations!$A:$A,$A77)>0,$A77,"") | D77: Clos de Vougeot
A78: Collioure | B78: =IF(C78="",D78,C78) -> Collioure | C78: =IF(COUNTIF(cave_Appelations!$A:$A,$A78)>0,$A78,"") -> Collioure
A79: Corbières | B79: =IF(C79="",D79,C79) -> Corbières | C79: =IF(COUNTIF(cave_Appelations!$A:$A,$A79)>0,$A79,"") -> Corbières
A80: Corbières-Boutenac | B80: =IF(C80="",D80,C80) -> Corbières-Boutenac | C80: =IF(COUNTIF(cave_Appelations!$A:$A,$A80)>0,$A80,"") -> Corbières-Boutenac
A81: Cornas | B81: =IF(C81="",D81,C81) -> Cornas | C81: =IF(COUNTIF(cave_Appelations!$A:$A,$A81)>0,$A81,"") -> Cornas
A82: Costières de Nîmes | B82: =IF(C82="",D82,C82) -> Costières de Nîmes | C82: =IF(COUNTIF(cave_Appelations!$A:$A,$A82)>0,$A82,"") -> Costières de Nîmes
A83: Côte de Brouilly | B83: =IF(C83="",D83,C83) -> Côtes de Brouilly | C83: =IF(COUNTIF(cave_Appelations!$A:$A,$A83)>0,$A83,"") | D83: Côtes de Brouilly
A84: Coteaux Bourguignons ou Bourgogne grand ordinaire ou Bourgogne ordinaire | B84: =IF(C84="",D84,C84) -> Coteaux Bourguignons | C84: =IF(COUNTIF(cave_Appelations!$A:$A,$A84)>0,$A84,"") | D84: Coteaux Bourguignons
A85: Coteaux d'Aix-en-Provence | B85: =IF(C85="",D85,C85) -> Coteaux d'Aix-en-Provence | C85: =IF(COUNTIF(cave_Appelations!$A:$A,$A85)>0,$A85,"") -> Coteaux d'Aix-en-Provence
A86: Coteaux de Die | B86: =IF(C86="",D86,C86) -> Coteaux de Die | C86: =IF(COUNTIF(cave_Appelations!$A:$A,$A86)>0,$A86,"") -> Coteaux de Die
A87: Coteaux de Saumur | B87: =IF(C87="",D87,C87) -> Coteaux de Saumur | C87: =IF(COUNTIF(cave_Appelations!$A:$A,$A87)>0,$A87,"") -> Coteaux de Saumur
A88: Coteaux du Layon | B88: =IF(C88="",D88,C88) -> Coteaux du Layon | C88: =IF(COUNTIF(cave_Appelations!$A:$A,$A88)>0,$A88,"") -> Coteaux du Layon
A89: Coteaux du Layon Beaulieu-sur-Layon ou Beaulieu | B89: =IF(C89="",D89,C89) -> Coteaux du Layon | C89: =IF(COUNTIF(cave_Appelations!$A:$A,$A89)>0,$A89,"") | D89: Coteaux du Layon
A90: Coteaux du Layon Faye-d'Anjou ou Faye | B90: =IF(C90="",D90,C90) -> Coteaux du Layon | C90: =IF(COUNTIF(cave_Appelations!$A:$A,$A90)>0,$A90,"") | D90: Coteaux du Layon
A91: Coteaux du Layon premier cru Chaume | B91: =IF(C91="",D91,C91) -> Coteaux du Layon | C91: =IF(COUNTIF(cave_Appelations!$A:$A,$A91)>0,$A91,"") | D91: Coteaux du Layon
A92: Coteaux du Layon Rochefort-sur-Loire ou Rochefort | B92: =IF(C92="",D92,C92) -> Coteaux du Layon | C92: =IF(COUNTIF(cave_Appelations!$A:$A,$A92)>0,$A92,"") | D92: Coteaux du Layon
A93: Coteaux du Layon Saint-Aubin-de-Luigné ou Saint-Aubin | B93: =IF(C93="",D93,C93) -> Coteaux du Layon | C93: =IF(COUNTIF(cave_Appelations!$A:$A,$A93)>0,$A93,"") | D93: Coteaux du Layon
A94: Coteaux du Lyonnais | B94: =IF(C94="",D94,C94) -> Coteaux du Lyonnais | C94: =IF(COUNTIF(cave_Appelations!$A:$A,$A94)>0,$A94,"") -> Coteaux du Lyonnais
A95: Coteaux du Quercy | B95: =IF(C95="",D95,C95) -> Coteaux du Quercy | C95: =IF(COUNTIF(cave_Appelations!$A:$A,$A95)>0,$A95,"") -> Coteaux du Quercy
A96: Coteaux varois en Provence | B96: =IF(C96="",D96,C96) -> Coteaux varois en Provence | C96: =IF(COUNTIF(cave_Appelations!$A:$A,$A96)>0,$A96,"") -> Coteaux varois en Provence
A97: Côtes de Bergerac | B97: =IF(C97="",D97,C97) -> Côtes de Bergerac | C97: =IF(COUNTIF(cave_Appelations!$A:$A,$A97)>0,$A97,"") -> Côtes de Bergerac
A98: Côtes de Blaye | B98: =IF(C98="",D98,C98) -> Côtes de Blaye | C98: =IF(COUNTIF(cave_Appelations!$A:$A,$A98)>0,$A98,"") -> Côtes de Blaye
A99: Côtes de Bordeaux | B99: =IF(C99="",D99,C99) -> Côtes de Bordeaux | C99: =IF(COUNTIF(cave_Appelations!$A:$A,$A99)>0,$A99,"") -> Côtes de Bordeaux
A100: Côtes de Bordeaux Blaye | B100: =IF(C100="",D100,C100) -> Côtes de Bordeaux | C100: =IF(COUNTIF(cave_Appelations!$A:$A,$A100)>0,$A100,"") | D100: Côtes de Bordeaux
...

Sheet cave_Appelations
A1: Appelation | B1: Région | C1: ID_Appelation
A2: Afrique du Sud | B2: Etranger | C2: AFRIQUE DU SUD
A3: Ajaccio | B3: Provence | C3: AJACCIO
A4: Allemagne | B4: Etranger | C4: ALLEMAGNE
A5: Aloxe-Corton | B5: Bourgogne | C5: ALOXE CORTON
A6: Aloxe-Corton 1er Cru | B6: Bourgogne | C6: ALOXE CORTON 1ER CRU
A7: Alsace | B7: Alsace | C7: ALSACE
A8: Alsace grand cru | B8: Alsace | C8: ALSACE GRAND CRU
A9: Angleterre | B9: Etranger | C9: ANGLETERRE
A10: Anjou | B10: Loire | C10: ANJOU
A11: Anjou Villages | B11: Loire | C11: ANJOU VILLAGES
A12: Anjou Villages Brissac | B12: Loire | C12: ANJOU VILLAGES BRISSAC
... A360: Vouvray | B360: Loire | C360: VOUVRAY

Sheet Map2_AOC
A1: AOC data | B1: Base Cave Clean
A2: Ajaccio | B2: Ajaccio
A3: Aloxe-Corton | B3: Aloxe-Corton
A4: Aloxe-Corton premier cru | B4: Aloxe-Corton 1er Cru
A5: Aloxe-Corton premier cru Clos des Maréchaudes | B5: Aloxe-Corton 1er Cru
A6: Aloxe-Corton premier cru Clos du Chapitre | B6: Aloxe-Corton 1er Cru
A7: Aloxe-Corton premier cru La Coutière | B7: Aloxe-Corton 1er Cru
A8: Aloxe-Corton premier cru La Maréchaude | B8: Aloxe-Corton 1er Cru
A9: Aloxe-Corton premier cru La Toppe au Vert | B9: Aloxe-Corton 1er Cru
A10: Aloxe-Corton premier cru Les Chaillots | B10: Aloxe-Corton 1er Cru
A11: Aloxe-Corton premier cru Les Fournières | B11: Aloxe-Corton 1er Cru
A12: Aloxe-Corton premier cru Les Guérets | B12: Aloxe-Corton 1er Cru
... A1335: Whisky breton ou Whisky de Bretagne | B1335: Whisky breton ou Whisky de Bretagne
